/*
Navicat MySQL Data Transfer

Source Server         : mysql
Source Server Version : 50558
Source Host           : localhost:3306
Source Database       : mydata

Target Server Type    : MYSQL
Target Server Version : 50558
File Encoding         : 65001

Date: 2018-09-03 17:01:04
*/

SET FOREIGN_KEY_CHECKS=0;

-- ----------------------------
-- Table structure for demo_info
-- ----------------------------
DROP TABLE IF EXISTS `demo_info`;
CREATE TABLE `demo_info` (
  `id` bigint(20) NOT NULL,
  `password` varchar(255) DEFAULT NULL,
  `username` varchar(255) DEFAULT NULL,
  PRIMARY KEY (`id`)
) ENGINE=MyISAM DEFAULT CHARSET=utf8;

-- ----------------------------
-- Records of demo_info
-- ----------------------------

-- ----------------------------
-- Table structure for hibernate_sequence
-- ----------------------------
DROP TABLE IF EXISTS `hibernate_sequence`;
CREATE TABLE `hibernate_sequence` (
  `next_val` bigint(20) DEFAULT NULL
) ENGINE=MyISAM DEFAULT CHARSET=utf8;

-- ----------------------------
-- Records of hibernate_sequence
-- ----------------------------
INSERT INTO `hibernate_sequence` VALUES ('1');

-- ----------------------------
-- Table structure for lg_user_amount
-- ----------------------------
DROP TABLE IF EXISTS `lg_user_amount`;
CREATE TABLE `lg_user_amount` (
  `id` bigint(30) NOT NULL COMMENT '主键',
  `company_user_id` bigint(30) DEFAULT NULL COMMENT '用户ID',
  `amount` decimal(20,4) DEFAULT NULL COMMENT '资产',
  `amount_type` varchar(3) DEFAULT NULL COMMENT '资产类型',
  `create_time` datetime DEFAULT NULL COMMENT '新增日期',
  `create_id` bigint(30) DEFAULT NULL COMMENT '新增人ID',
  `update_time` datetime DEFAULT NULL COMMENT '修改日期',
  `update_id` bigint(30) DEFAULT NULL COMMENT '修改人ID',
  `delete_flag` varchar(3) DEFAULT '0' COMMENT '删除标记',
  PRIMARY KEY (`id`)
) ENGINE=InnoDB DEFAULT CHARSET=utf8 COMMENT='用户资产表';

-- ----------------------------
-- Records of lg_user_amount
-- ----------------------------

-- ----------------------------
-- Table structure for login_user_information
-- ----------------------------
DROP TABLE IF EXISTS `login_user_information`;
CREATE TABLE `login_user_information` (
  `id` int(30) NOT NULL AUTO_INCREMENT COMMENT '自增主键',
  `user_id` bigint(30) NOT NULL COMMENT '独立标记',
  `account` varchar(255) NOT NULL COMMENT '用户名(登录名)',
  `password` varchar(255) DEFAULT NULL COMMENT '密码',
  PRIMARY KEY (`id`)
) ENGINE=InnoDB AUTO_INCREMENT=2 DEFAULT CHARSET=utf8;

-- ----------------------------
-- Records of login_user_information
-- ----------------------------
INSERT INTO `login_user_information` VALUES ('1', '1868219932', 'llixin', 'lx54321');

-- ----------------------------
-- Table structure for module
-- ----------------------------
DROP TABLE IF EXISTS `module`;
CREATE TABLE `module` (
  `mid` int(11) NOT NULL AUTO_INCREMENT,
  `parent_id` int(11) DEFAULT NULL,
  `mname` varchar(255) DEFAULT NULL,
  `module_type` varchar(30) DEFAULT NULL,
  `is_default` varchar(3) DEFAULT NULL,
  `status` varchar(3) DEFAULT NULL,
  `menu_url` varchar(100) DEFAULT NULL,
  `show_position` smallint(2) DEFAULT NULL,
  PRIMARY KEY (`mid`)
) ENGINE=InnoDB AUTO_INCREMENT=11 DEFAULT CHARSET=utf8;

-- ----------------------------
-- Records of module
-- ----------------------------
INSERT INTO `module` VALUES ('0', null, 'personal', 'unreal', '0', '0', null, '1');
INSERT INTO `module` VALUES ('1', '5', 'user_add', 'add', '1', '0', null, '1');
INSERT INTO `module` VALUES ('2', '5', 'user_delete', 'delete', '1', '0', null, '2');
INSERT INTO `module` VALUES ('3', '5', 'user_query', 'query', '0', '0', null, '3');
INSERT INTO `module` VALUES ('4', '5', 'user_update', 'update', '1', '0', null, '4');
INSERT INTO `module` VALUES ('5', '0', 'user', 'unreal', '1', '0', null, '1');
INSERT INTO `module` VALUES ('6', '0', 'role', 'unreal', '1', '0', null, '2');
INSERT INTO `module` VALUES ('7', '6', 'role_add', 'add', '1', '0', null, '1');
INSERT INTO `module` VALUES ('8', '6', 'role_delete', 'delete', '1', '0', null, '2');
INSERT INTO `module` VALUES ('9', '6', 'role_query', 'query', '0', '0', null, '3');
INSERT INTO `module` VALUES ('10', '6', 'role_update', 'update', '1', '0', null, '4');

-- ----------------------------
-- Table structure for module_role
-- ----------------------------
DROP TABLE IF EXISTS `module_role`;
CREATE TABLE `module_role` (
  `rid` int(11) DEFAULT NULL,
  `mid` int(11) DEFAULT NULL,
  KEY `rid` (`rid`),
  KEY `mid` (`mid`),
  CONSTRAINT `mid` FOREIGN KEY (`mid`) REFERENCES `module` (`mid`),
  CONSTRAINT `rid` FOREIGN KEY (`rid`) REFERENCES `role` (`rid`)
) ENGINE=InnoDB DEFAULT CHARSET=utf8;

-- ----------------------------
-- Records of module_role
-- ----------------------------
INSERT INTO `module_role` VALUES ('2', '1');
INSERT INTO `module_role` VALUES ('2', '3');
INSERT INTO `module_role` VALUES ('1', '4');
INSERT INTO `module_role` VALUES ('1', '1');
INSERT INTO `module_role` VALUES ('1', '2');
INSERT INTO `module_role` VALUES ('1', '3');

-- ----------------------------
-- Table structure for mycat_seqlg
-- ----------------------------
DROP TABLE IF EXISTS `mycat_seqlg`;
CREATE TABLE `mycat_seqlg` (
  `name` varchar(50) NOT NULL,
  `current_value` int(11) NOT NULL DEFAULT '0',
  `increment` int(11) NOT NULL DEFAULT '1',
  PRIMARY KEY (`name`)
) ENGINE=InnoDB DEFAULT CHARSET=utf8;

-- ----------------------------
-- Records of mycat_seqlg
-- ----------------------------
INSERT INTO `mycat_seqlg` VALUES ('t_user', '6', '1');

-- ----------------------------
-- Table structure for operation_log
-- ----------------------------
DROP TABLE IF EXISTS `operation_log`;
CREATE TABLE `operation_log` (
  `id` bigint(30) NOT NULL,
  `login_id` bigint(30) DEFAULT NULL,
  `login_name` varchar(255) DEFAULT NULL,
  `ip_address` varchar(255) DEFAULT NULL,
  `method_name` varchar(255) DEFAULT NULL,
  `method_remark` varchar(255) DEFAULT NULL,
  `opt_date` datetime DEFAULT NULL,
  `operating_content` varchar(255) DEFAULT NULL
) ENGINE=InnoDB DEFAULT CHARSET=utf8 COMMENT='操作日志表';

-- ----------------------------
-- Records of operation_log
-- ----------------------------

-- ----------------------------
-- Table structure for portal_resource
-- ----------------------------
DROP TABLE IF EXISTS `portal_resource`;
CREATE TABLE `portal_resource` (
  `id` bigint(30) NOT NULL AUTO_INCREMENT,
  `shelf_user_id` bigint(30) DEFAULT NULL,
  `shelf_user_name` varchar(33) NOT NULL DEFAULT '' COMMENT '上架人名称',
  `portal_name` varchar(30) DEFAULT NULL,
  `create_time` datetime DEFAULT NULL,
  PRIMARY KEY (`id`)
) ENGINE=InnoDB AUTO_INCREMENT=4 DEFAULT CHARSET=utf8;

-- ----------------------------
-- Records of portal_resource
-- ----------------------------
INSERT INTO `portal_resource` VALUES ('1', '1', 'uname', 'pname', '2018-04-08 15:20:17');
INSERT INTO `portal_resource` VALUES ('2', '2', 'xiaoming', 'yizhong', '2018-04-08 15:21:22');
INSERT INTO `portal_resource` VALUES ('3', '3', 'LeiLi', 'JumoreYun', '2018-04-08 15:22:05');

-- ----------------------------
-- Table structure for product
-- ----------------------------
DROP TABLE IF EXISTS `product`;
CREATE TABLE `product` (
  `id` bigint(30) DEFAULT NULL COMMENT 'id',
  `productName` varchar(255) DEFAULT '' COMMENT '产品名称',
  `productContent` varchar(255) DEFAULT '' COMMENT '产品内容',
  `price` varchar(255) DEFAULT NULL COMMENT '价格',
  `sort` int(10) DEFAULT '9' COMMENT '排序'
) ENGINE=InnoDB DEFAULT CHARSET=utf8;

-- ----------------------------
-- Records of product
-- ----------------------------
INSERT INTO `product` VALUES ('1', '哈哈', '呵呵', '10', '9');

-- ----------------------------
-- Table structure for p_user
-- ----------------------------
DROP TABLE IF EXISTS `p_user`;
CREATE TABLE `p_user` (
  `uid` int(11) NOT NULL AUTO_INCREMENT,
  `username` varchar(30) DEFAULT NULL,
  `password` varchar(100) DEFAULT NULL,
  `uname` varchar(30) DEFAULT NULL,
  `age` int(3) DEFAULT NULL,
  `sex` varchar(8) DEFAULT NULL,
  `address` varchar(255) DEFAULT NULL,
  `version` int(11) DEFAULT '0' COMMENT '用户状态版本',
  PRIMARY KEY (`uid`)
) ENGINE=InnoDB AUTO_INCREMENT=12 DEFAULT CHARSET=utf8;

-- ----------------------------
-- Records of p_user
-- ----------------------------
INSERT INTO `p_user` VALUES ('1', 'hlhdidi', '4c24ba976846dc67e58c3a26dc9bffd9', '张三', '23', '男', '求是路3号', '1');
INSERT INTO `p_user` VALUES ('2', 'xyycici', '1992', '赵六', '99', '男', '六安叶集镇', '0');
INSERT INTO `p_user` VALUES ('5', '13024333333', '29', '李四', null, '男', '半山出口', '0');
INSERT INTO `p_user` VALUES ('6', '13024333332', '18', '散散', null, '女', '西溪', '0');
INSERT INTO `p_user` VALUES ('7', 'lisi', '111111', '李四', '99', '男', '二弄口', '0');
INSERT INTO `p_user` VALUES ('8', 'wangwu', '111111', '王五', '33', '男', '舟山渔山岛', '0');
INSERT INTO `p_user` VALUES ('9', 'zhangsan', '28dc4103b273f13f1629d0473e44ce38', '张伞伞', '23', '男', '求是路3号', '0');
INSERT INTO `p_user` VALUES ('10', 'lisi', '39d75529bc43830d18800118cfd68756', 'lisi', '18', '未知', '保密', '0');
INSERT INTO `p_user` VALUES ('11', 'lalala', 'df3ea1160e9427e0a50b0c11bfc00b0e', '啦啦啦', '23', '保密', '78956@qq.com\rc=x onerror=alert(1)>;//', '0');

-- ----------------------------
-- Table structure for role
-- ----------------------------
DROP TABLE IF EXISTS `role`;
CREATE TABLE `role` (
  `rid` int(11) NOT NULL AUTO_INCREMENT,
  `rname` varchar(255) DEFAULT NULL,
  PRIMARY KEY (`rid`)
) ENGINE=InnoDB AUTO_INCREMENT=4 DEFAULT CHARSET=utf8;

-- ----------------------------
-- Records of role
-- ----------------------------
INSERT INTO `role` VALUES ('1', 'admin');
INSERT INTO `role` VALUES ('2', 'customer');
INSERT INTO `role` VALUES ('3', 'operator');

-- ----------------------------
-- Table structure for user_role
-- ----------------------------
DROP TABLE IF EXISTS `user_role`;
CREATE TABLE `user_role` (
  `uid` int(11) DEFAULT NULL,
  `rid` int(11) DEFAULT NULL,
  KEY `u_fk` (`uid`),
  KEY `r_fk` (`rid`),
  CONSTRAINT `r_fk` FOREIGN KEY (`rid`) REFERENCES `role` (`rid`),
  CONSTRAINT `u_fk` FOREIGN KEY (`uid`) REFERENCES `p_user` (`uid`)
) ENGINE=InnoDB DEFAULT CHARSET=utf8;

-- ----------------------------
-- Records of user_role
-- ----------------------------
INSERT INTO `user_role` VALUES ('1', '1');
INSERT INTO `user_role` VALUES ('2', '2');


